what,kind,bundleId,bundleVersion,description,time
started,bundle,org.eclipse.epp.usagedata.gathering,1.3.1.R201102081640,"org.eclipse.epp.usagedata.gathering",1652827151480
started,bundle,org.eclipse.epp.usagedata.recording,1.3.1.R201102081640,"org.eclipse.epp.usagedata.recording",1652827151481
started,bundle,org.eclipse.equinox.app,1.3.1.R36x_v20100803,"org.eclipse.equinox.app",1652827151482
started,bundle,org.eclipse.equinox.common,3.6.0.v20100503,"org.eclipse.equinox.common",1652827151483
started,bundle,org.eclipse.equinox.ds,1.2.1.R36x_v20100803,"org.eclipse.equinox.ds",1652827151484
started,bundle,org.eclipse.equinox.event,1.2.0.v20100503,"org.eclipse.equinox.event",1652827151485
started,bundle,org.eclipse.equinox.p2.core,2.0.3.R36x_v20110111,"org.eclipse.equinox.p2.core",1652827151485
started,bundle,org.eclipse.equinox.p2.directorywatcher,1.0.203.R36x_v20101220,"org.eclipse.equinox.p2.directorywatcher",1652827151486
started,bundle,org.eclipse.equinox.p2.engine,2.0.1.R36x_v20110201,"org.eclipse.equinox.p2.engine",1652827151487
started,bundle,org.eclipse.equinox.p2.metadata,2.0.1.R36x_v20101202,"org.eclipse.equinox.p2.metadata",1652827151537
started,bundle,org.eclipse.equinox.p2.metadata.repository,1.1.0.v20100513,"org.eclipse.equinox.p2.metadata.repository",1652827151539
started,bundle,org.eclipse.equinox.p2.operations,2.0.0.v20100510,"org.eclipse.equinox.p2.operations",1652827151540
started,bundle,org.eclipse.equinox.p2.reconciler.dropins,1.1.2.R36x_v20110114,"org.eclipse.equinox.p2.reconciler.dropins",1652827151541
started,bundle,org.eclipse.equinox.p2.repository,2.0.2.R36x_v20110111-1500,"org.eclipse.equinox.p2.repository",1652827151542
started,bundle,org.eclipse.equinox.p2.ui.sdk.scheduler,1.0.0.v20100507-1815,"org.eclipse.equinox.p2.ui.sdk.scheduler",1652827151543
started,bundle,org.eclipse.equinox.p2.updatechecker,1.1.101.R36x_v20100823,"org.eclipse.equinox.p2.updatechecker",1652827151544
started,bundle,org.eclipse.equinox.preferences,3.3.0.v20100503,"org.eclipse.equinox.preferences",1652827151545
started,bundle,org.eclipse.equinox.registry,3.5.0.v20100503,"org.eclipse.equinox.registry",1652827151602
started,bundle,org.eclipse.equinox.security,1.0.200.v20100503,"org.eclipse.equinox.security",1652827151603
started,bundle,org.eclipse.equinox.util,1.0.200.v20100503,"org.eclipse.equinox.util",1652827151604
started,bundle,org.eclipse.help,3.5.0.v20100524,"org.eclipse.help",1652827151639
started,bundle,org.eclipse.jface,3.6.2.M20110210-1200,"org.eclipse.jface",1652827151695
started,bundle,org.eclipse.jsch.core,1.1.200.I20100505-1245,"org.eclipse.jsch.core",1652827151696
started,bundle,org.eclipse.ltk.core.refactoring,3.5.101.r362_v20101117-0800,"org.eclipse.ltk.core.refactoring",1652827151697
started,bundle,org.eclipse.ltk.ui.refactoring,3.5.0.v20100526-0800,"org.eclipse.ltk.ui.refactoring",1652827151729
started,bundle,org.eclipse.mylyn.commons.net,3.4.1.v20100625-2100-e3x,"org.eclipse.mylyn.commons.net",1652827151730
started,bundle,org.eclipse.mylyn.monitor.ui,3.4.1.v20110131-0100-e3x,"org.eclipse.mylyn.monitor.ui",1652827151731
started,bundle,org.eclipse.search,3.6.0.v20100520-0800,"org.eclipse.search",1652827151777
started,bundle,org.eclipse.team.core,3.5.101.R36x_v20110203-1036,"org.eclipse.team.core",1652827151827
started,bundle,org.eclipse.team.cvs.core,3.3.301.R36x_v20110119-0815,"org.eclipse.team.cvs.core",1652827151860
started,bundle,org.eclipse.team.ui,3.5.102.R36x_v20110203-1036,"org.eclipse.team.ui",1652827151913
started,bundle,org.eclipse.ui,3.6.2.M20110203-1100,"org.eclipse.ui",1652827151915
started,bundle,org.eclipse.ui.editors,3.6.1.r361_v20100825-0800,"org.eclipse.ui.editors",1652827151915
started,bundle,org.eclipse.ui.externaltools,3.2.0.v20100427,"org.eclipse.ui.externaltools",1652827151921
started,bundle,org.eclipse.ui.forms,3.5.2.r36_v20100702,"org.eclipse.ui.forms",1652827151944
started,bundle,org.eclipse.ui.ide,3.6.2.M20101201-0800,"org.eclipse.ui.ide",1652827152008
started,bundle,org.eclipse.ui.navigator,3.5.0.I20100601-0800,"org.eclipse.ui.navigator",1652827152040
started,bundle,org.eclipse.ui.navigator.resources,3.4.202.M20101124-0800,"org.eclipse.ui.navigator.resources",1652827152041
started,bundle,org.eclipse.ui.net,1.2.100.I20100505-1245,"org.eclipse.ui.net",1652827152041
started,bundle,org.eclipse.ui.views,3.5.1.M20110202-0800,"org.eclipse.ui.views",1652827152042
started,bundle,org.eclipse.ui.workbench,3.6.2.M20110210-1200,"org.eclipse.ui.workbench",1652827152043
started,bundle,org.eclipse.ui.workbench.texteditor,3.6.1.r361_v20100714-0800,"org.eclipse.ui.workbench.texteditor",1652827152085
os,sysinfo,,,"linux",1652827152089
arch,sysinfo,,,"x86",1652827152089
ws,sysinfo,,,"gtk",1652827152089
locale,sysinfo,,,"es_AR",1652827152089
processors,sysinfo,,,"2",1652827152089
java.runtime.name,sysinfo,,,"OpenJDK Runtime Environment",1652827152089
java.runtime.version,sysinfo,,,"1.8.0_312-8u312-b07-0ubuntu1~18.04-b07",1652827152090
java.specification.name,sysinfo,,,"Java Platform API Specification",1652827152090
java.specification.vendor,sysinfo,,,"Oracle Corporation",1652827152090
java.specification.version,sysinfo,,,"1.8",1652827152090
java.vendor,sysinfo,,,"Private Build",1652827152090
java.version,sysinfo,,,"1.8.0_312",1652827152090
java.vm.info,sysinfo,,,"mixed mode",1652827152090
java.vm.name,sysinfo,,,"OpenJDK Server VM",1652827152090
java.vm.specification.name,sysinfo,,,"Java Virtual Machine Specification",1652827152090
java.vm.specification.vendor,sysinfo,,,"Oracle Corporation",1652827152090
java.vm.specification.version,sysinfo,,,"1.8",1652827152090
java.vm.vendor,sysinfo,,,"Private Build",1652827152090
java.vm.version,sysinfo,,,"25.312-b07",1652827152090
started,bundle,org.eclipse.team.cvs.ui,3.3.302.R36x_v20110203-1036,"org.eclipse.team.cvs.ui",1652827153399
started,bundle,org.eclipse.mylyn.commons.ui,3.4.0.v20100608-0100-e3x,"org.eclipse.mylyn.commons.ui",1652827153964
started,bundle,org.eclipse.mylyn.bugzilla.core,3.4.2.v20100902-0100-e3x,"org.eclipse.mylyn.bugzilla.core",1652827154267
started,bundle,org.eclipse.mylyn.bugzilla.ui,3.4.3.v20110131-0100-e3x,"org.eclipse.mylyn.bugzilla.ui",1652827154331
started,bundle,org.eclipse.mylyn.context.core,3.4.1.v20100909-0100-e3x,"org.eclipse.mylyn.context.core",1652827154458
started,bundle,org.eclipse.mylyn.context.ui,3.4.2.v20110131-0100-e3x,"org.eclipse.mylyn.context.ui",1652827154509
started,bundle,org.eclipse.mylyn.tasks.ui,3.4.3.v20110131-0100-e3x,"org.eclipse.mylyn.tasks.ui",1652827154926
started,bundle,org.eclipse.mylyn.team.ui,3.4.3.v20110131-0100-e3x,"org.eclipse.mylyn.team.ui",1652827154987
started,bundle,org.eclipse.update.scheduler,3.2.300.v20100512,"org.eclipse.update.scheduler",1652827155018
started,bundle,org.eclipse.update.configurator,3.3.100.v20100512,"org.eclipse.update.configurator",1652827155274
started,bundle,org.eclipse.update.core,3.2.402.R36x_v20100629,"org.eclipse.update.core",1652827155298
deactivated,workbench,org.eclipse.ui.workbench,3.6.2.M20110210-1200,"",1652827156399
opened,editor,org.eclipse.cdt.ui,5.2.2.201102110609,"org.eclipse.cdt.ui.editor.CEditor",1652827159915
activated,editor,org.eclipse.cdt.ui,5.2.2.201102110609,"org.eclipse.cdt.ui.editor.CEditor",1652827160054
activated,workbench,org.eclipse.ui.workbench,3.6.2.M20110210-1200,"",1652827160302
executed,command,org.eclipse.ui,3.6.2.M20110203-1100,"org.eclipse.ui.edit.copy",1652827168858
deactivated,workbench,org.eclipse.ui.workbench,3.6.2.M20110210-1200,"",1652827170854
opened,editor,org.eclipse.cdt.ui,5.2.2.201102110609,"org.eclipse.cdt.ui.editor.CEditor",1652827173721
activated,editor,org.eclipse.cdt.ui,5.2.2.201102110609,"org.eclipse.cdt.ui.editor.CEditor",1652827173877
activated,workbench,org.eclipse.ui.workbench,3.6.2.M20110210-1200,"",1652827174029
executed,command,org.eclipse.ui,3.6.2.M20110203-1100,"org.eclipse.ui.edit.paste",1652827177944
activated,editor,org.eclipse.cdt.ui,5.2.2.201102110609,"org.eclipse.cdt.ui.editor.CEditor",1652827183243
executed,command,org.eclipse.ui,3.6.2.M20110203-1100,"org.eclipse.ui.edit.copy",1652827192235
activated,editor,org.eclipse.cdt.ui,5.2.2.201102110609,"org.eclipse.cdt.ui.editor.CEditor",1652827194285
executed,command,org.eclipse.ui,3.6.2.M20110203-1100,"org.eclipse.ui.edit.paste",1652827196465
executed,command,org.eclipse.ui,3.6.2.M20110203-1100,"org.eclipse.ui.file.saveAll",1652827199987
deactivated,workbench,org.eclipse.ui.workbench,3.6.2.M20110210-1200,"",1652827204177
started,bundle,org.eclipse.cdt.mylyn.ui,1.1.4.v20110204-0100-e3x,"org.eclipse.cdt.mylyn.ui",1652827206212
closed,workbench,org.eclipse.ui.workbench,3.6.2.M20110210-1200,"",1652827206481
started,bundle,org.eclipse.compare,3.5.101.R36x_v20100929-0800,"org.eclipse.compare",1652827207658
stopped,bundle,org.eclipse.cdt.debug.mi.ui,6.1.0.201102110609,"org.eclipse.cdt.debug.mi.ui",1652827208308
stopped,bundle,org.eclipse.cdt.debug.mi.core,7.0.1.201102110609,"org.eclipse.cdt.debug.mi.core",1652827208354
stopped,bundle,org.eclipse.cdt.debug.ui.memory.memorybrowser,1.2.1.201102110609,"org.eclipse.cdt.debug.ui.memory.memorybrowser",1652827208402
stopped,bundle,org.eclipse.cdt.debug.ui.memory.search,1.2.0.201102110609,"org.eclipse.cdt.debug.ui.memory.search",1652827208488
stopped,bundle,org.eclipse.cdt.dsf.gdb.ui,2.1.0.201102110609,"org.eclipse.cdt.dsf.gdb.ui",1652827208593
stopped,bundle,org.eclipse.cdt.dsf.ui,2.1.2.201102110609,"org.eclipse.cdt.dsf.ui",1652827208655
stopped,bundle,org.eclipse.cdt.gdb.ui,7.0.0.201102110609,"org.eclipse.cdt.gdb.ui",1652827208687
stopped,bundle,org.eclipse.cdt.dsf.gdb,3.0.0.201102110609,"org.eclipse.cdt.dsf.gdb",1652827208749
activated,perspective,org.eclipse.cdt.ui,,"org.eclipse.cdt.ui.CPerspective",1652829437758
started,bundle,org.eclipse.osgi,3.6.2.R36x_v20110210,"org.eclipse.osgi",1652829437797
started,bundle,org.eclipse.equinox.simpleconfigurator,1.0.200.v20100503,"org.eclipse.equinox.simpleconfigurator",1652829437798
started,bundle,com.ibm.icu,4.2.1.v20100412,"com.ibm.icu",1652829437803
started,bundle,org.eclipse.cdt.core,5.2.1.201102110609,"org.eclipse.cdt.core",1652829437806
started,bundle,org.eclipse.cdt.debug.core,7.0.0.201102110609,"org.eclipse.cdt.debug.core",1652829437808
started,bundle,org.eclipse.cdt.debug.ui,7.0.0.201102110609,"org.eclipse.cdt.debug.ui",1652829437808
started,bundle,org.eclipse.cdt.make.core,7.0.1.201102110609,"org.eclipse.cdt.make.core",1652829437809
started,bundle,org.eclipse.cdt.make.ui,7.0.0.201102110609,"org.eclipse.cdt.make.ui",1652829437810
started,bundle,org.eclipse.cdt.managedbuilder.core,7.0.2.201102110609,"org.eclipse.cdt.managedbuilder.core",1652829437811
started,bundle,org.eclipse.cdt.ui,5.2.2.201102110609,"org.eclipse.cdt.ui",1652829437811
started,bundle,org.eclipse.compare.core,3.5.101.R36x_v20100929-0800,"org.eclipse.compare.core",1652829437811
started,bundle,org.eclipse.core.contenttype,3.4.100.v20100505-1235,"org.eclipse.core.contenttype",1652829437812
started,bundle,org.eclipse.core.databinding.observable,1.3.0.I20100601-0800,"org.eclipse.core.databinding.observable",1652829437890
started,bundle,org.eclipse.core.expressions,3.4.200.v20100505,"org.eclipse.core.expressions",1652829437892
started,bundle,org.eclipse.core.filebuffers,3.5.100.v20100520-0800,"org.eclipse.core.filebuffers",1652829437893
started,bundle,org.eclipse.core.filesystem,1.3.1.R36x_v20100727-0745,"org.eclipse.core.filesystem",1652829437894
started,bundle,org.eclipse.core.jobs,3.5.1.R36x_v20100824,"org.eclipse.core.jobs",1652829437895
started,bundle,org.eclipse.core.net,1.2.100.I20100511-0800,"org.eclipse.core.net",1652829437898
started,bundle,org.eclipse.core.resources,3.6.1.R36x_v20110131-1630,"org.eclipse.core.resources",1652829437938
started,bundle,org.eclipse.core.runtime,3.6.0.v20100505,"org.eclipse.core.runtime",1652829437938
started,bundle,org.eclipse.core.runtime.compatibility,3.2.100.v20100505,"org.eclipse.core.runtime.compatibility",1652829437939
started,bundle,org.eclipse.core.runtime.compatibility.auth,3.2.200.v20100517,"org.eclipse.core.runtime.compatibility.auth",1652829437939
started,bundle,org.eclipse.debug.core,3.6.0.v20100519,"org.eclipse.debug.core",1652829437995
started,bundle,org.eclipse.debug.ui,3.6.3.v20101201_r362,"org.eclipse.debug.ui",1652829438082
started,bundle,org.eclipse.epp.usagedata.gathering,1.3.1.R201102081640,"org.eclipse.epp.usagedata.gathering",1652829438083
started,bundle,org.eclipse.epp.usagedata.recording,1.3.1.R201102081640,"org.eclipse.epp.usagedata.recording",1652829438085
started,bundle,org.eclipse.equinox.app,1.3.1.R36x_v20100803,"org.eclipse.equinox.app",1652829438086
started,bundle,org.eclipse.equinox.common,3.6.0.v20100503,"org.eclipse.equinox.common",1652829438087
started,bundle,org.eclipse.equinox.ds,1.2.1.R36x_v20100803,"org.eclipse.equinox.ds",1652829438088
started,bundle,org.eclipse.equinox.event,1.2.0.v20100503,"org.eclipse.equinox.event",1652829438089
started,bundle,org.eclipse.equinox.p2.core,2.0.3.R36x_v20110111,"org.eclipse.equinox.p2.core",1652829438092
started,bundle,org.eclipse.equinox.p2.directorywatcher,1.0.203.R36x_v20101220,"org.eclipse.equinox.p2.directorywatcher",1652829438093
started,bundle,org.eclipse.equinox.p2.engine,2.0.1.R36x_v20110201,"org.eclipse.equinox.p2.engine",1652829438095
started,bundle,org.eclipse.equinox.p2.metadata,2.0.1.R36x_v20101202,"org.eclipse.equinox.p2.metadata",1652829438154
started,bundle,org.eclipse.equinox.p2.metadata.repository,1.1.0.v20100513,"org.eclipse.equinox.p2.metadata.repository",1652829438158
started,bundle,org.eclipse.equinox.p2.operations,2.0.0.v20100510,"org.eclipse.equinox.p2.operations",1652829438160
started,bundle,org.eclipse.equinox.p2.reconciler.dropins,1.1.2.R36x_v20110114,"org.eclipse.equinox.p2.reconciler.dropins",1652829438161
started,bundle,org.eclipse.equinox.p2.repository,2.0.2.R36x_v20110111-1500,"org.eclipse.equinox.p2.repository",1652829438167
started,bundle,org.eclipse.equinox.p2.ui.sdk.scheduler,1.0.0.v20100507-1815,"org.eclipse.equinox.p2.ui.sdk.scheduler",1652829438169
started,bundle,org.eclipse.equinox.p2.updatechecker,1.1.101.R36x_v20100823,"org.eclipse.equinox.p2.updatechecker",1652829438170
started,bundle,org.eclipse.equinox.preferences,3.3.0.v20100503,"org.eclipse.equinox.preferences",1652829438170
started,bundle,org.eclipse.equinox.registry,3.5.0.v20100503,"org.eclipse.equinox.registry",1652829438172
started,bundle,org.eclipse.equinox.security,1.0.200.v20100503,"org.eclipse.equinox.security",1652829438180
started,bundle,org.eclipse.equinox.util,1.0.200.v20100503,"org.eclipse.equinox.util",1652829438182
started,bundle,org.eclipse.help,3.5.0.v20100524,"org.eclipse.help",1652829438244
started,bundle,org.eclipse.jface,3.6.2.M20110210-1200,"org.eclipse.jface",1652829438248
started,bundle,org.eclipse.jsch.core,1.1.200.I20100505-1245,"org.eclipse.jsch.core",1652829438251
started,bundle,org.eclipse.ltk.core.refactoring,3.5.101.r362_v20101117-0800,"org.eclipse.ltk.core.refactoring",1652829438252
started,bundle,org.eclipse.ltk.ui.refactoring,3.5.0.v20100526-0800,"org.eclipse.ltk.ui.refactoring",1652829438301
started,bundle,org.eclipse.mylyn.commons.net,3.4.1.v20100625-2100-e3x,"org.eclipse.mylyn.commons.net",1652829438301
started,bundle,org.eclipse.mylyn.monitor.ui,3.4.1.v20110131-0100-e3x,"org.eclipse.mylyn.monitor.ui",1652829438302
started,bundle,org.eclipse.search,3.6.0.v20100520-0800,"org.eclipse.search",1652829438326
started,bundle,org.eclipse.team.core,3.5.101.R36x_v20110203-1036,"org.eclipse.team.core",1652829438365
started,bundle,org.eclipse.team.cvs.core,3.3.301.R36x_v20110119-0815,"org.eclipse.team.cvs.core",1652829438410
started,bundle,org.eclipse.team.ui,3.5.102.R36x_v20110203-1036,"org.eclipse.team.ui",1652829438420
started,bundle,org.eclipse.ui,3.6.2.M20110203-1100,"org.eclipse.ui",1652829438423
started,bundle,org.eclipse.ui.console,3.5.0.v20100526,"org.eclipse.ui.console",1652829438424
started,bundle,org.eclipse.ui.editors,3.6.1.r361_v20100825-0800,"org.eclipse.ui.editors",1652829438424
started,bundle,org.eclipse.ui.externaltools,3.2.0.v20100427,"org.eclipse.ui.externaltools",1652829438449
started,bundle,org.eclipse.ui.forms,3.5.2.r36_v20100702,"org.eclipse.ui.forms",1652829438460
started,bundle,org.eclipse.ui.ide,3.6.2.M20101201-0800,"org.eclipse.ui.ide",1652829438480
started,bundle,org.eclipse.ui.navigator,3.5.0.I20100601-0800,"org.eclipse.ui.navigator",1652829438489
started,bundle,org.eclipse.ui.navigator.resources,3.4.202.M20101124-0800,"org.eclipse.ui.navigator.resources",1652829438490
started,bundle,org.eclipse.ui.net,1.2.100.I20100505-1245,"org.eclipse.ui.net",1652829438491
started,bundle,org.eclipse.ui.views,3.5.1.M20110202-0800,"org.eclipse.ui.views",1652829438492
started,bundle,org.eclipse.ui.workbench,3.6.2.M20110210-1200,"org.eclipse.ui.workbench",1652829438493
started,bundle,org.eclipse.ui.workbench.texteditor,3.6.1.r361_v20100714-0800,"org.eclipse.ui.workbench.texteditor",1652829438513
os,sysinfo,,,"linux",1652829438520
arch,sysinfo,,,"x86",1652829438520
ws,sysinfo,,,"gtk",1652829438520
locale,sysinfo,,,"es_AR",1652829438520
processors,sysinfo,,,"2",1652829438520
java.runtime.name,sysinfo,,,"OpenJDK Runtime Environment",1652829438520
java.runtime.version,sysinfo,,,"1.8.0_312-8u312-b07-0ubuntu1~18.04-b07",1652829438520
java.specification.name,sysinfo,,,"Java Platform API Specification",1652829438520
java.specification.vendor,sysinfo,,,"Oracle Corporation",1652829438520
java.specification.version,sysinfo,,,"1.8",1652829438520
java.vendor,sysinfo,,,"Private Build",1652829438520
java.version,sysinfo,,,"1.8.0_312",1652829438520
java.vm.info,sysinfo,,,"mixed mode",1652829438520
java.vm.name,sysinfo,,,"OpenJDK Server VM",1652829438520
java.vm.specification.name,sysinfo,,,"Java Virtual Machine Specification",1652829438520
java.vm.specification.vendor,sysinfo,,,"Oracle Corporation",1652829438520
java.vm.specification.version,sysinfo,,,"1.8",1652829438520
java.vm.vendor,sysinfo,,,"Private Build",1652829438520
java.vm.version,sysinfo,,,"25.312-b07",1652829438520
started,bundle,org.eclipse.team.cvs.ui,3.3.302.R36x_v20110203-1036,"org.eclipse.team.cvs.ui",1652829438753
started,bundle,org.eclipse.mylyn.commons.ui,3.4.0.v20100608-0100-e3x,"org.eclipse.mylyn.commons.ui",1652829439225
started,bundle,org.eclipse.mylyn.bugzilla.core,3.4.2.v20100902-0100-e3x,"org.eclipse.mylyn.bugzilla.core",1652829439482
started,bundle,org.eclipse.mylyn.bugzilla.ui,3.4.3.v20110131-0100-e3x,"org.eclipse.mylyn.bugzilla.ui",1652829439625
started,bundle,org.eclipse.mylyn.context.core,3.4.1.v20100909-0100-e3x,"org.eclipse.mylyn.context.core",1652829439755
started,bundle,org.eclipse.mylyn.context.ui,3.4.2.v20110131-0100-e3x,"org.eclipse.mylyn.context.ui",1652829439800
started,bundle,org.eclipse.mylyn.tasks.ui,3.4.3.v20110131-0100-e3x,"org.eclipse.mylyn.tasks.ui",1652829440102
started,bundle,org.eclipse.mylyn.team.ui,3.4.3.v20110131-0100-e3x,"org.eclipse.mylyn.team.ui",1652829440164
started,bundle,org.eclipse.update.scheduler,3.2.300.v20100512,"org.eclipse.update.scheduler",1652829440195
started,bundle,org.eclipse.update.configurator,3.3.100.v20100512,"org.eclipse.update.configurator",1652829440426
started,bundle,org.eclipse.update.core,3.2.402.R36x_v20100629,"org.eclipse.update.core",1652829440459
deactivated,workbench,org.eclipse.ui.workbench,3.6.2.M20110210-1200,"",1652829451346
activated,workbench,org.eclipse.ui.workbench,3.6.2.M20110210-1200,"",1652829601730
deactivated,workbench,org.eclipse.ui.workbench,3.6.2.M20110210-1200,"",1652829605689
opened,editor,org.eclipse.cdt.ui,5.2.2.201102110609,"org.eclipse.cdt.ui.editor.CEditor",1652829610149
activated,editor,org.eclipse.cdt.ui,5.2.2.201102110609,"org.eclipse.cdt.ui.editor.CEditor",1652829610415
activated,workbench,org.eclipse.ui.workbench,3.6.2.M20110210-1200,"",1652829610642
deactivated,workbench,org.eclipse.ui.workbench,3.6.2.M20110210-1200,"",1652829704322
activated,workbench,org.eclipse.ui.workbench,3.6.2.M20110210-1200,"",1652829712536
deactivated,workbench,org.eclipse.ui.workbench,3.6.2.M20110210-1200,"",1652829715803
activated,workbench,org.eclipse.ui.workbench,3.6.2.M20110210-1200,"",1652829718403
activated,editor,org.eclipse.cdt.ui,5.2.2.201102110609,"org.eclipse.cdt.ui.editor.CEditor",1652829727552
deactivated,workbench,org.eclipse.ui.workbench,3.6.2.M20110210-1200,"",1652829736428
activated,workbench,org.eclipse.ui.workbench,3.6.2.M20110210-1200,"",1652829739231
activated,editor,org.eclipse.cdt.ui,5.2.2.201102110609,"org.eclipse.cdt.ui.editor.CEditor",1652829741967
deactivated,workbench,org.eclipse.ui.workbench,3.6.2.M20110210-1200,"",1652829789775
activated,workbench,org.eclipse.ui.workbench,3.6.2.M20110210-1200,"",1652829795095
deactivated,workbench,org.eclipse.ui.workbench,3.6.2.M20110210-1200,"",1652829801029
activated,workbench,org.eclipse.ui.workbench,3.6.2.M20110210-1200,"",1652829802931
deactivated,workbench,org.eclipse.ui.workbench,3.6.2.M20110210-1200,"",1652829813619
activated,workbench,org.eclipse.ui.workbench,3.6.2.M20110210-1200,"",1652829817404
deactivated,workbench,org.eclipse.ui.workbench,3.6.2.M20110210-1200,"",1652829819400
activated,workbench,org.eclipse.ui.workbench,3.6.2.M20110210-1200,"",1652829879584
activated,editor,org.eclipse.cdt.ui,5.2.2.201102110609,"org.eclipse.cdt.ui.editor.CEditor",1652829882554
activated,editor,org.eclipse.cdt.ui,5.2.2.201102110609,"org.eclipse.cdt.ui.editor.CEditor",1652829892950
activated,editor,org.eclipse.cdt.ui,5.2.2.201102110609,"org.eclipse.cdt.ui.editor.CEditor",1652829899182
activated,editor,org.eclipse.cdt.ui,5.2.2.201102110609,"org.eclipse.cdt.ui.editor.CEditor",1652829904495
activated,editor,org.eclipse.cdt.ui,5.2.2.201102110609,"org.eclipse.cdt.ui.editor.CEditor",1652829915417
activated,editor,org.eclipse.cdt.ui,5.2.2.201102110609,"org.eclipse.cdt.ui.editor.CEditor",1652829918524
activated,editor,org.eclipse.cdt.ui,5.2.2.201102110609,"org.eclipse.cdt.ui.editor.CEditor",1652829927342
opened,editor,org.eclipse.cdt.ui,5.2.2.201102110609,"org.eclipse.cdt.ui.editor.CEditor",1652829931631
activated,editor,org.eclipse.cdt.ui,5.2.2.201102110609,"org.eclipse.cdt.ui.editor.CEditor",1652829931740
activated,editor,org.eclipse.cdt.ui,5.2.2.201102110609,"org.eclipse.cdt.ui.editor.CEditor",1652829934713
activated,editor,org.eclipse.cdt.ui,5.2.2.201102110609,"org.eclipse.cdt.ui.editor.CEditor",1652829945782
activated,editor,org.eclipse.cdt.ui,5.2.2.201102110609,"org.eclipse.cdt.ui.editor.CEditor",1652829951280
activated,editor,org.eclipse.cdt.ui,5.2.2.201102110609,"org.eclipse.cdt.ui.editor.CEditor",1652829959398
activated,editor,org.eclipse.cdt.ui,5.2.2.201102110609,"org.eclipse.cdt.ui.editor.CEditor",1652829963792
deactivated,workbench,org.eclipse.ui.workbench,3.6.2.M20110210-1200,"",1652829978969
activated,workbench,org.eclipse.ui.workbench,3.6.2.M20110210-1200,"",1652829991887
deactivated,workbench,org.eclipse.ui.workbench,3.6.2.M20110210-1200,"",1652830011192
activated,workbench,org.eclipse.ui.workbench,3.6.2.M20110210-1200,"",1652830014311
started,bundle,org.eclipse.cdt.mylyn.ui,1.1.4.v20110204-0100-e3x,"org.eclipse.cdt.mylyn.ui",1652830080615
activated,editor,org.eclipse.cdt.ui,5.2.2.201102110609,"org.eclipse.cdt.ui.editor.CEditor",1652830221081
activated,editor,org.eclipse.cdt.ui,5.2.2.201102110609,"org.eclipse.cdt.ui.editor.CEditor",1652830234235
activated,editor,org.eclipse.cdt.ui,5.2.2.201102110609,"org.eclipse.cdt.ui.editor.CEditor",1652830239563
activated,editor,org.eclipse.cdt.ui,5.2.2.201102110609,"org.eclipse.cdt.ui.editor.CEditor",1652830243186
activated,editor,org.eclipse.cdt.ui,5.2.2.201102110609,"org.eclipse.cdt.ui.editor.CEditor",1652830247940
activated,editor,org.eclipse.cdt.ui,5.2.2.201102110609,"org.eclipse.cdt.ui.editor.CEditor",1652830281174
activated,editor,org.eclipse.cdt.ui,5.2.2.201102110609,"org.eclipse.cdt.ui.editor.CEditor",1652830286328
activated,editor,org.eclipse.cdt.ui,5.2.2.201102110609,"org.eclipse.cdt.ui.editor.CEditor",1652830305063
activated,editor,org.eclipse.cdt.ui,5.2.2.201102110609,"org.eclipse.cdt.ui.editor.CEditor",1652830307672
activated,editor,org.eclipse.cdt.ui,5.2.2.201102110609,"org.eclipse.cdt.ui.editor.CEditor",1652830334241
activated,editor,org.eclipse.cdt.ui,5.2.2.201102110609,"org.eclipse.cdt.ui.editor.CEditor",1652830339279
executed,command,org.eclipse.ui,3.6.2.M20110203-1100,"org.eclipse.ui.file.saveAll",1652830490428
deactivated,workbench,org.eclipse.ui.workbench,3.6.2.M20110210-1200,"",1652830495601
closed,workbench,org.eclipse.ui.workbench,3.6.2.M20110210-1200,"",1652830498588
started,bundle,org.eclipse.compare,3.5.101.R36x_v20100929-0800,"org.eclipse.compare",1652830500703
stopped,bundle,org.eclipse.cdt.debug.mi.ui,6.1.0.201102110609,"org.eclipse.cdt.debug.mi.ui",1652830501412
stopped,bundle,org.eclipse.cdt.debug.mi.core,7.0.1.201102110609,"org.eclipse.cdt.debug.mi.core",1652830501513
stopped,bundle,org.eclipse.cdt.debug.ui.memory.memorybrowser,1.2.1.201102110609,"org.eclipse.cdt.debug.ui.memory.memorybrowser",1652830501546
stopped,bundle,org.eclipse.cdt.debug.ui.memory.search,1.2.0.201102110609,"org.eclipse.cdt.debug.ui.memory.search",1652830501579
stopped,bundle,org.eclipse.cdt.dsf.gdb.ui,2.1.0.201102110609,"org.eclipse.cdt.dsf.gdb.ui",1652830501644
stopped,bundle,org.eclipse.cdt.dsf.ui,2.1.2.201102110609,"org.eclipse.cdt.dsf.ui",1652830501770
stopped,bundle,org.eclipse.cdt.gdb.ui,7.0.0.201102110609,"org.eclipse.cdt.gdb.ui",1652830501812
stopped,bundle,org.eclipse.cdt.dsf.gdb,3.0.0.201102110609,"org.eclipse.cdt.dsf.gdb",1652830501941
stopped,bundle,org.eclipse.cdt.launch,6.1.0.201102110609,"org.eclipse.cdt.launch",1652830502007
stopped,bundle,org.eclipse.cdt.debug.ui,7.0.0.201102110609,"org.eclipse.cdt.debug.ui",1652830502007
stopped,bundle,org.eclipse.cdt.debug.ui.memory.traditional,1.2.0.201102110609,"org.eclipse.cdt.debug.ui.memory.traditional",1652830502122
stopped,bundle,org.eclipse.cdt.dsf,2.1.1.201102110609,"org.eclipse.cdt.dsf",1652830502190
stopped,bundle,org.eclipse.cdt.debug.core,7.0.0.201102110609,"org.eclipse.cdt.debug.core",1652830502192
stopped,bundle,org.eclipse.cdt.managedbuilder.ui,7.0.0.201102110609,"org.eclipse.cdt.managedbuilder.ui",1652830502245
stopped,bundle,org.eclipse.cdt.make.ui,7.0.0.201102110609,"org.eclipse.cdt.make.ui",1652830502246
stopped,bundle,org.eclipse.cdt.managedbuilder.gnu.ui,7.0.0.201102110609,"org.eclipse.cdt.managedbuilder.gnu.ui",1652830502290
stopped,bundle,org.eclipse.cdt.managedbuilder.core,7.0.2.201102110609,"org.eclipse.cdt.managedbuilder.core",1652830502290
stopped,bundle,org.eclipse.cdt.make.core,7.0.1.201102110609,"org.eclipse.cdt.make.core",1652830502290
stopped,bundle,org.eclipse.cdt.mylyn.ui,1.1.4.v20110204-0100-e3x,"org.eclipse.cdt.mylyn.ui",1652830502291
stopped,bundle,org.eclipse.cdt.ui,5.2.2.201102110609,"org.eclipse.cdt.ui",1652830502291
stopped,bundle,org.eclipse.cdt.core,5.2.1.201102110609,"org.eclipse.cdt.core",1652830502291
